model,threshold,precision,recall,alerts,tp,fp,fn,floor,met_floor
noprev,0.033,0.07423672103722292,0.7751091703056768,4782,355,4427,103,0.07,True
noprev,0.033,0.07423672103722292,0.7751091703056768,4782,355,4427,103,0.07250000000000001,True
noprev,0.034,0.07735583684950774,0.7205240174672489,4266,330,3936,128,0.07500000000000001,True
noprev,0.034999999999999996,0.08170190550770035,0.6834061135371179,3831,313,3518,145,0.0775,True
noprev,0.034999999999999996,0.08170190550770035,0.6834061135371179,3831,313,3518,145,0.08,True
noprev,0.036,0.08646288209606987,0.648471615720524,3435,297,3138,161,0.0825,True
noprev,0.036,0.08646288209606987,0.648471615720524,3435,297,3138,161,0.08499999999999999,True
noprev,0.037,0.09182676652556171,0.6157205240174672,3071,282,2789,176,0.0875,True
noprev,0.037,0.09182676652556171,0.6157205240174672,3071,282,2789,176,0.09,True
